Nome;Motor;Ano;Quilometragem;Zero_km;Acessórios;Valor
Jetta Variant;Motor 4.0 Turbo;2003;44410;False;['Rodas de liga', 'Travas elétricas', 'Piloto automático', 'Bancos de couro', 'Ar condicionado', 'Sensor de estacionamento', 'Sensor crepuscular', 'Sensor de chuva'];88078.64
Passat;Motor Diesel;1991;5712;False;['Central multimídia', 'Teto panorâmico', 'Freios ABS', '4 X 4', 'Painel digital', 'Piloto automático', 'Bancos de couro', 'Câmera de estacionamento'];106161.94
Crossfox;Motor Diesel V8;1990;37123;False;['Piloto automático', 'Controle de estabilidade', 'Sensor crepuscular', 'Freios ABS', 'Câmbio automático', 'Bancos de couro', 'Central multimídia', 'Vidros elétricos'];72832.16
DS5;Motor 2.4 Turbo;2019;;True;['Travas elétricas', '4 X 4', 'Vidros elétricos', 'Sensor crepuscular', 'Sensor de chuva', 'Câmera de estacionamento', 'Ar condicionado', 'Rodas de liga'];124549.07
Aston Martin DB4;Motor 2.4 Turbo;2006;25757;False;['Rodas de liga', '4 X 4', 'Central multimídia', 'Ar condicionado', 'Controle de estabilidade', 'Câmbio automático', 'Sensor de estacionamento', 'Piloto automático'];92612.1
Palio Weekend;Motor 1.8 16v;2012;10728;False;['Sensor de estacionamento', 'Teto panorâmico', 'Sensor crepuscular', 'Painel digital', 'Ar condicionado', 'Rodas de liga', 'Controle de estabilidade', 'Bancos de couro'];97497.73
A5;Motor 4.0 Turbo;2019;;True;['Câmbio automático', 'Câmera de estacionamento', 'Freios ABS', 'Controle de tração', 'Central multimídia', 'Travas elétricas', 'Sensor crepuscular', 'Rodas de liga'];56445.2
Série 3 Cabrio;Motor 1.0 8v;2009;77599;False;['Controle de estabilidade', 'Sensor crepuscular', 'Controle de tração', 'Teto panorâmico', 'Travas elétricas', 'Piloto automático', 'Painel digital', 'Câmera de estacionamento'];112310.44
Dodge Jorney;Motor 3.0 32v;2010;99197;False;['Vidros elétricos', 'Piloto automático', 'Teto panorâmico', 'Ar condicionado', 'Bancos de couro', 'Câmbio automático', 'Rodas de liga', 'Travas elétricas'];120716.27
Carens;Motor 5.0 V8 Bi-Turbo;2011;37978;False;['Ar condicionado', 'Painel digital', 'Central multimídia', 'Sensor crepuscular', 'Câmbio automático', 'Rodas de liga', 'Controle de tração', 'Câmera de estacionamento'];76566.49
Ford Edge;Motor Diesel V6;2002;12859;False;['Sensor crepuscular', 'Rodas de liga', 'Teto panorâmico', 'Sensor de chuva', 'Travas elétricas', 'Sensor de estacionamento', 'Controle de tração', 'Ar condicionado'];71647.59
Courier;Motor Diesel V8;2007;8052;False;['Central multimídia', '4 X 4', 'Piloto automático', 'Teto panorâmico', 'Controle de estabilidade', 'Câmera de estacionamento', 'Bancos de couro', 'Vidros elétricos'];73919.53
S-18;Motor V6;2001;89773;False;['Bancos de couro', 'Sensor de chuva', 'Rodas de liga', 'Central multimídia', 'Travas elétricas', 'Ar condicionado', 'Câmera de estacionamento', 'Sensor crepuscular'];112732.99
J5;Motor V6;2019;;True;['Sensor crepuscular', 'Painel digital', 'Rodas de liga', 'Freios ABS', 'Câmbio automático', 'Controle de tração', 'Central multimídia', 'Câmera de estacionamento'];53183.38
F-Type Coupé;Motor 5.0 V8 Bi-Turbo;2009;41457;False;['Piloto automático', 'Sensor crepuscular', 'Sensor de chuva', 'Ar condicionado', 'Sensor de estacionamento', 'Controle de tração', 'Câmera de estacionamento', 'Vidros elétricos'];127488.42
RAM;Motor Diesel V8;2016;115607;False;['Sensor crepuscular', 'Câmbio automático', 'Sensor de chuva', 'Central multimídia', 'Controle de estabilidade', '4 X 4', 'Freios ABS', 'Piloto automático'];59910.4
Série 1;Motor 3.0 32v;2012;46449;False;['Teto panorâmico', 'Câmera de estacionamento', 'Travas elétricas', '4 X 4', 'Painel digital', 'Central multimídia', 'Rodas de liga', 'Freios ABS'];61118.59
A3;Motor 1.0 8v;2019;;True;['4 X 4', 'Piloto automático', 'Central multimídia', 'Teto panorâmico', 'Sensor de estacionamento', 'Controle de tração', 'Controle de estabilidade', 'Sensor de chuva'];88552.39
XC90;Motor 1.0 8v;2016;37086;False;['Travas elétricas', 'Vidros elétricos', 'Teto panorâmico', 'Central multimídia', 'Controle de estabilidade', '4 X 4', 'Câmbio automático', 'Sensor de chuva'];62696.69
RS 3 Sportback;Motor 3.0 32v;2017;15173;False;['4 X 4', 'Piloto automático', 'Central multimídia', 'Bancos de couro', 'Sensor de chuva', 'Rodas de liga', 'Ar condicionado', 'Sensor crepuscular'];101726.3
Pajero Sport;Motor 1.0 8v;2002;101193;False;['Sensor de estacionamento', 'Piloto automático', 'Câmbio automático', 'Painel digital', 'Freios ABS', 'Câmera de estacionamento', 'Rodas de liga', 'Controle de estabilidade'];106147.38
Série 1 M;Motor V8;2019;;True;['Controle de estabilidade', 'Central multimídia', 'Painel digital', 'Sensor crepuscular', 'Sensor de chuva', 'Câmera de estacionamento', 'Ar condicionado', 'Freios ABS'];94564.4
Lamborghini Obvious;Motor Diesel V6;1994;98079;False;['Rodas de liga', 'Câmbio automático', 'Travas elétricas', 'Teto panorâmico', 'Controle de estabilidade', 'Central multimídia', 'Sensor de estacionamento', 'Sensor crepuscular'];133529.84
Effa Hafei Picape Baú;Motor Diesel;1991;102959;False;['Controle de estabilidade', 'Painel digital', 'Vidros elétricos', '4 X 4', 'Sensor crepuscular', 'Ar condicionado', 'Travas elétricas', 'Central multimídia'];125684.65
Lamborghini Murciélago;Motor 5.0 V8 Bi-Turbo;2019;;True;['Freios ABS', 'Câmbio automático', 'Ar condicionado', 'Câmera de estacionamento', 'Controle de tração', 'Central multimídia', 'Sensor crepuscular', 'Controle de estabilidade'];121596.21
Up!;Motor Diesel V6;2019;;True;['Sensor de estacionamento', 'Vidros elétricos', 'Freios ABS', 'Central multimídia', 'Controle de estabilidade', 'Sensor de chuva', 'Câmbio automático', 'Piloto automático'];71367.1
Fiesta Rocam Sedan;Motor 4.0 Turbo;2016;5795;False;['Ar condicionado', 'Bancos de couro', 'Câmbio automático', 'Câmera de estacionamento', 'Piloto automático', 'Controle de estabilidade', 'Sensor de chuva', 'Vidros elétricos'];95347.75
Sandero Stepway;Motor 3.0 32v;2019;;True;['Freios ABS', 'Ar condicionado', 'Teto panorâmico', 'Painel digital', 'Sensor de estacionamento', 'Vidros elétricos', 'Sensor crepuscular', 'Piloto automático'];105432.84
Cayman S;Motor 3.0 32v;2002;58848;False;['Câmbio automático', 'Sensor de estacionamento', 'Rodas de liga', 'Vidros elétricos', '4 X 4', 'Bancos de couro', 'Painel digital', 'Travas elétricas'];57045.27
V40;Motor 4.0 Turbo;1991;94381;False;['Câmera de estacionamento', 'Sensor de estacionamento', 'Rodas de liga', 'Controle de tração', 'Freios ABS', 'Câmbio automático', 'Bancos de couro', 'Sensor de chuva'];120432.7
Classe SLS AMG;Motor 1.0 8v;1997;30163;False;['Sensor de estacionamento', 'Controle de estabilidade', 'Sensor de chuva', 'Travas elétricas', 'Painel digital', 'Sensor crepuscular', 'Piloto automático', 'Bancos de couro'];70707.2
Gol G4;Motor 2.0 16v;1995;53332;False;['Sensor crepuscular', '4 X 4', 'Vidros elétricos', 'Controle de tração', 'Ar condicionado', 'Câmera de estacionamento', 'Painel digital', 'Freios ABS'];69105.18
Linea;Motor 1.0 8v;2018;17720;False;['Piloto automático', 'Painel digital', 'Vidros elétricos', 'Controle de tração', 'Teto panorâmico', 'Ar condicionado', 'Câmera de estacionamento', 'Rodas de liga'];59358.69
Ford F100;Motor 2.0 16v;1991;33808;False;['Controle de tração', 'Sensor crepuscular', 'Travas elétricas', 'Bancos de couro', 'Câmera de estacionamento', 'Rodas de liga', 'Central multimídia', '4 X 4'];65955.4
J2;Motor V8;2014;90684;False;['Teto panorâmico', 'Sensor de estacionamento', 'Bancos de couro', 'Vidros elétricos', 'Freios ABS', 'Rodas de liga', 'Travas elétricas', 'Câmbio automático'];60017.03
Aston Martin DBS;Motor V8;1995;43975;False;['Teto panorâmico', 'Piloto automático', 'Ar condicionado', 'Vidros elétricos', 'Bancos de couro', 'Travas elétricas', 'Sensor de chuva', 'Sensor crepuscular'];118909.52
Pajero TR4;Motor 2.4 Turbo;2019;;True;['Controle de tração', 'Bancos de couro', 'Câmera de estacionamento', 'Controle de estabilidade', 'Vidros elétricos', 'Piloto automático', 'Rodas de liga', 'Teto panorâmico'];51606.59
Polo Sedan;Motor V6;2019;;True;['Sensor de chuva', 'Sensor crepuscular', 'Ar condicionado', 'Sensor de estacionamento', 'Teto panorâmico', 'Câmbio automático', 'Vidros elétricos', 'Travas elétricas'];123281.87
California;Motor 1.0 8v;2009;5526;False;['Rodas de liga', 'Ar condicionado', 'Câmera de estacionamento', 'Painel digital', 'Travas elétricas', 'Sensor crepuscular', 'Central multimídia', 'Freios ABS'];69770.18
S60;Motor 2.4 Turbo;2019;;True;['Teto panorâmico', 'Freios ABS', '4 X 4', 'Ar condicionado', 'Controle de tração', 'Central multimídia', 'Painel digital', 'Sensor crepuscular'];102609.54
Tucson;Motor 2.0 16v;2013;93415;False;['Vidros elétricos', 'Sensor crepuscular', 'Freios ABS', 'Câmera de estacionamento', 'Piloto automático', 'Travas elétricas', 'Câmbio automático', '4 X 4'];67997.19
HB20;Motor V6;2003;40762;False;['Sensor de chuva', 'Travas elétricas', 'Controle de tração', 'Freios ABS', 'Ar condicionado', 'Teto panorâmico', 'Vidros elétricos', 'Câmbio automático'];135235.29
Optima;Motor 1.8 16v;2019;;True;['Central multimídia', 'Ar condicionado', 'Teto panorâmico', 'Freios ABS', 'Painel digital', 'Controle de estabilidade', '4 X 4', 'Sensor de estacionamento'];86641.34
Logan;Motor 4.0 Turbo;2002;86302;False;['Câmera de estacionamento', 'Vidros elétricos', 'Central multimídia', 'Sensor de chuva', 'Sensor crepuscular', 'Painel digital', 'Ar condicionado', 'Bancos de couro'];136818.39
Range Rover Vogue;Motor 1.0 8v;2019;;True;['4 X 4', 'Vidros elétricos', 'Rodas de liga', 'Central multimídia', 'Câmera de estacionamento', 'Sensor de estacionamento', 'Piloto automático', 'Ar condicionado'];117626.73
Sonata;Motor 5.0 V8 Bi-Turbo;2002;9755;False;['Piloto automático', 'Ar condicionado', 'Vidros elétricos', '4 X 4', 'Sensor de estacionamento', 'Bancos de couro', 'Travas elétricas', 'Controle de estabilidade'];56208.7
Ford New Fiesta Sedan;Motor 3.0 32v;2004;69945;False;['Teto panorâmico', 'Painel digital', 'Ar condicionado', 'Central multimídia', '4 X 4', 'Controle de estabilidade', 'Câmbio automático', 'Sensor de chuva'];84222.65
Série 5 Gran Turismo;Motor 4.0 Turbo;2001;2395;False;['Controle de tração', 'Piloto automático', 'Ar condicionado', 'Bancos de couro', 'Freios ABS', 'Central multimídia', 'Sensor de chuva', '4 X 4'];90781.65
CR-V;Motor Diesel V8;2019;;True;['Câmbio automático', 'Central multimídia', 'Vidros elétricos', 'Controle de estabilidade', 'Controle de tração', 'Bancos de couro', 'Freios ABS', 'Painel digital'];64701.1
Ford EcoSport;Motor 1.0 8v;2003;80349;False;['Vidros elétricos', 'Piloto automático', 'Painel digital', 'Freios ABS', 'Bancos de couro', 'Teto panorâmico', 'Sensor de chuva', 'Rodas de liga'];126350.49
Versa;Motor 3.0 32v;2009;85554;False;['Bancos de couro', 'Ar condicionado', 'Rodas de liga', 'Sensor crepuscular', 'Travas elétricas', 'Sensor de estacionamento', 'Piloto automático', 'Controle de estabilidade'];148152.89
Classe E;Motor 1.0 8v;2006;50496;False;['Freios ABS', 'Sensor de estacionamento', 'Central multimídia', 'Câmera de estacionamento', 'Ar condicionado', 'Teto panorâmico', 'Câmbio automático', 'Piloto automático'];132298.83
Carnival;Motor V8;2000;67716;False;['Travas elétricas', 'Câmbio automático', 'Câmera de estacionamento', 'Freios ABS', 'Central multimídia', 'Rodas de liga', 'Teto panorâmico', 'Controle de estabilidade'];137627.63
Aston Martin V8 Vantage Roadster;Motor 2.4 Turbo;2006;93947;False;['Câmbio automático', 'Câmera de estacionamento', 'Vidros elétricos', 'Controle de estabilidade', 'Central multimídia', 'Piloto automático', 'Sensor crepuscular', 'Travas elétricas'];80422.71
Hoggar;Motor 5.0 V8 Bi-Turbo;2010;35345;False;['Controle de estabilidade', 'Bancos de couro', 'Sensor de chuva', 'Painel digital', 'Vidros elétricos', 'Freios ABS', 'Controle de tração', 'Ar condicionado'];56373.99
A1;Motor 5.0 V8 Bi-Turbo;1994;81007;False;['Painel digital', 'Câmbio automático', 'Câmera de estacionamento', 'Freios ABS', 'Controle de estabilidade', 'Sensor crepuscular', '4 X 4', 'Ar condicionado'];70846.03
Aston Martin DB7 Vantage;Motor V6;2007;119513;False;['Sensor crepuscular', 'Piloto automático', 'Teto panorâmico', 'Freios ABS', 'Câmbio automático', 'Central multimídia', 'Vidros elétricos', 'Sensor de estacionamento'];128694.23
CLA;Motor 1.0 8v;2019;;True;['Central multimídia', 'Sensor de chuva', 'Controle de estabilidade', 'Sensor crepuscular', 'Rodas de liga', 'Piloto automático', '4 X 4', 'Vidros elétricos'];133329.19
Accord;Motor V8;2019;;True;['Sensor de estacionamento', 'Ar condicionado', 'Central multimídia', 'Controle de tração', 'Rodas de liga', 'Teto panorâmico', 'Sensor de chuva', 'Câmera de estacionamento'];131961.43
EXTRA 103EX;Motor 2.0 16v;2019;;True;['Sensor de estacionamento', 'Central multimídia', 'Bancos de couro', 'Sensor crepuscular', 'Teto panorâmico', 'Controle de tração', 'Piloto automático', 'Sensor de chuva'];112033.27
Sorento;Motor Diesel;2019;;True;['Sensor de chuva', 'Câmera de estacionamento', 'Sensor de estacionamento', 'Controle de estabilidade', 'Rodas de liga', 'Travas elétricas', 'Vidros elétricos', 'Controle de tração'];81399.35
Tiggo;Motor 3.0 32v;2019;;True;['Câmera de estacionamento', 'Freios ABS', 'Piloto automático', 'Vidros elétricos', 'Câmbio automático', 'Sensor crepuscular', 'Sensor de estacionamento', 'Controle de tração'];97163.1
New Fiesta Hatch;Motor Diesel;2017;118895;False;['Sensor de estacionamento', 'Travas elétricas', 'Piloto automático', 'Rodas de liga', 'Controle de tração', 'Ar condicionado', '4 X 4', 'Sensor crepuscular'];66007.16
Jeep Renegade;Motor 5.0 V8 Bi-Turbo;2011;48509;False;['Vidros elétricos', 'Teto panorâmico', 'Bancos de couro', 'Travas elétricas', 'Sensor de chuva', 'Controle de tração', 'Freios ABS', 'Central multimídia'];128776.22
Lamborghini Ankonian;Motor 2.0 16v;2001;100912;False;['Bancos de couro', 'Câmera de estacionamento', 'Central multimídia', '4 X 4', 'Sensor de chuva', 'Ar condicionado', 'Rodas de liga', 'Sensor crepuscular'];142623.02
Space Cross;Motor 5.0 V8 Bi-Turbo;1996;95649;False;['Teto panorâmico', 'Vidros elétricos', 'Sensor de chuva', 'Travas elétricas', 'Rodas de liga', 'Sensor crepuscular', 'Freios ABS', 'Ar condicionado'];136930.13
Touareg;Motor V8;2019;;True;['Controle de estabilidade', 'Piloto automático', 'Sensor crepuscular', 'Travas elétricas', 'Câmera de estacionamento', 'Rodas de liga', 'Painel digital', 'Teto panorâmico'];66526.61
Classe M;Motor 1.0 8v;1994;90495;False;['Central multimídia', 'Bancos de couro', 'Rodas de liga', '4 X 4', 'Vidros elétricos', 'Câmbio automático', 'Ar condicionado', 'Controle de estabilidade'];114154.87
Lancer Evolution X;Motor Diesel V6;2019;;True;['Vidros elétricos', 'Câmbio automático', 'Controle de tração', 'Travas elétricas', 'Teto panorâmico', 'Ar condicionado', 'Sensor crepuscular', 'Central multimídia'];142392.75
Kangoo Express;Motor Diesel;2007;29132;False;['Bancos de couro', 'Câmbio automático', 'Piloto automático', 'Controle de estabilidade', 'Central multimídia', 'Sensor de chuva', 'Teto panorâmico', 'Painel digital'];146716.91
SW4;Motor Diesel V6;1994;23802;False;['Sensor de chuva', 'Bancos de couro', 'Controle de tração', 'Piloto automático', 'Central multimídia', 'Câmera de estacionamento', 'Teto panorâmico', 'Rodas de liga'];122485.68
Cadillac ELR;Motor 1.0 8v;2007;84992;False;['Sensor crepuscular', 'Travas elétricas', 'Teto panorâmico', 'Vidros elétricos', 'Sensor de estacionamento', 'Sensor de chuva', 'Rodas de liga', 'Freios ABS'];97951.03
Doblò;Motor 1.8 16v;1997;54395;False;['Câmera de estacionamento', 'Teto panorâmico', 'Controle de estabilidade', 'Sensor de estacionamento', 'Travas elétricas', 'Vidros elétricos', 'Bancos de couro', 'Piloto automático'];78283.49
Lamborghini Egoista;Motor 3.0 32v;2006;26731;False;['Rodas de liga', 'Controle de tração', 'Central multimídia', 'Controle de estabilidade', 'Sensor de estacionamento', 'Painel digital', 'Câmera de estacionamento', 'Sensor crepuscular'];83434.04
Fit;Motor Diesel;2013;44329;False;['Freios ABS', 'Câmera de estacionamento', 'Câmbio automático', 'Teto panorâmico', 'Piloto automático', 'Vidros elétricos', 'Sensor de chuva', 'Sensor crepuscular'];77836.23
C5;Motor 2.0 16v;1994;118236;False;['Painel digital', 'Teto panorâmico', 'Piloto automático', 'Controle de estabilidade', 'Sensor crepuscular', 'Sensor de estacionamento', 'Travas elétricas', 'Sensor de chuva'];60813.92
Celer Hatch;Motor V8;2008;113808;False;['Controle de estabilidade', 'Câmbio automático', 'Freios ABS', 'Rodas de liga', 'Sensor crepuscular', 'Sensor de chuva', 'Central multimídia', 'Ar condicionado'];91353.86
HB20S;Motor V8;2008;610;False;['Teto panorâmico', 'Rodas de liga', 'Travas elétricas', 'Controle de tração', 'Freios ABS', 'Piloto automático', 'Sensor crepuscular', 'Sensor de estacionamento'];116281.21
Cielo Hatch;Motor Diesel;2019;;True;['Painel digital', 'Central multimídia', 'Câmera de estacionamento', 'Travas elétricas', 'Controle de tração', 'Sensor de estacionamento', 'Teto panorâmico', 'Ar condicionado'];145197.7
Livina;Motor 2.0 16v;2019;;True;['Sensor crepuscular', 'Câmera de estacionamento', 'Central multimídia', 'Rodas de liga', 'Painel digital', 'Câmbio automático', 'Bancos de couro', 'Sensor de estacionamento'];50742.1
Ducato;Motor 5.0 V8 Bi-Turbo;1999;12887;False;['Sensor de chuva', 'Painel digital', 'Sensor crepuscular', '4 X 4', 'Sensor de estacionamento', 'Bancos de couro', 'Travas elétricas', 'Câmbio automático'];73033.53
March;Motor V6;2007;79607;False;['Bancos de couro', 'Piloto automático', 'Sensor de estacionamento', 'Vidros elétricos', 'Controle de estabilidade', 'Freios ABS', '4 X 4', 'Câmbio automático'];54332.87
Cadillac XTS sedan;Motor Diesel V6;1993;90924;False;['Ar condicionado', 'Câmbio automático', 'Sensor de estacionamento', 'Travas elétricas', 'Câmera de estacionamento', 'Controle de tração', 'Bancos de couro', 'Painel digital'];52207.45
Lamborghini Centenario;Motor V6;1995;42733;False;['Central multimídia', 'Vidros elétricos', 'Sensor de estacionamento', '4 X 4', 'Câmera de estacionamento', 'Painel digital', 'Controle de tração', 'Câmbio automático'];63578.5
Hilux;Motor 5.0 V8 Bi-Turbo;2019;;True;['4 X 4', 'Piloto automático', 'Teto panorâmico', 'Central multimídia', 'Vidros elétricos', 'Freios ABS', 'Painel digital', 'Rodas de liga'];64507.72
Grand Siena;Motor Diesel V8;2019;;True;['Bancos de couro', 'Painel digital', 'Sensor de estacionamento', 'Sensor crepuscular', 'Controle de tração', 'Ar condicionado', 'Travas elétricas', '4 X 4'];115075.59
Symbol;Motor Diesel;2016;117714;False;['4 X 4', 'Piloto automático', 'Sensor crepuscular', 'Câmera de estacionamento', 'Vidros elétricos', 'Rodas de liga', 'Central multimídia', 'Controle de tração'];133030.6
Aston Martin V12 GT Zagato;Motor 4.0 Turbo;2011;113885;False;['Central multimídia', 'Piloto automático', 'Sensor de chuva', 'Controle de estabilidade', 'Controle de tração', 'Ar condicionado', 'Vidros elétricos', 'Teto panorâmico'];141591.86
Fusion;Motor 1.8 16v;2019;;True;['Controle de tração', 'Câmbio automático', 'Freios ABS', 'Sensor de chuva', 'Travas elétricas', 'Câmera de estacionamento', 'Ar condicionado', 'Sensor crepuscular'];100380.28
A4 Sedan;Motor Diesel;2002;30511;False;['Câmera de estacionamento', '4 X 4', 'Travas elétricas', 'Ar condicionado', 'Teto panorâmico', 'Vidros elétricos', 'Freios ABS', 'Central multimídia'];96369.04
Xsara Picasso;Motor 2.0 16v;2013;74867;False;['Sensor de chuva', 'Teto panorâmico', 'Central multimídia', 'Vidros elétricos', 'Rodas de liga', 'Painel digital', 'Sensor crepuscular', 'Piloto automático'];142603.84
207 SW;Motor 3.0 32v;2017;119760;False;['Controle de estabilidade', 'Travas elétricas', 'Câmera de estacionamento', 'Bancos de couro', 'Sensor de estacionamento', 'Câmbio automático', 'Piloto automático', 'Sensor de chuva'];117709.67
Star;Motor V6;2016;8356;False;['Câmera de estacionamento', '4 X 4', 'Central multimídia', 'Vidros elétricos', 'Sensor crepuscular', 'Sensor de estacionamento', 'Teto panorâmico', 'Piloto automático'];102241.54
Doblò Cargo;Motor 3.0 32v;2008;64247;False;['Freios ABS', 'Teto panorâmico', 'Vidros elétricos', 'Piloto automático', 'Câmera de estacionamento', 'Ar condicionado', 'Controle de tração', '4 X 4'];96065.38
Cadillac CTS;Motor 1.8 16v;2018;88661;False;['Travas elétricas', 'Sensor de chuva', 'Freios ABS', 'Câmbio automático', 'Sensor de estacionamento', '4 X 4', 'Ar condicionado', 'Teto panorâmico'];53894.61
Cayenne;Motor 1.0 8v;2003;4539;False;['Controle de tração', 'Piloto automático', 'Travas elétricas', 'Bancos de couro', 'Sensor de chuva', '4 X 4', 'Controle de estabilidade', 'Rodas de liga'];123911.78
Fox;Motor 4.0 Turbo;2003;110116;False;['Piloto automático', 'Câmbio automático', 'Travas elétricas', 'Sensor de estacionamento', 'Teto panorâmico', 'Central multimídia', 'Ar condicionado', 'Rodas de liga'];101996.35
Tiida Hatch;Motor Diesel V6;2004;33215;False;['Teto panorâmico', 'Travas elétricas', 'Sensor de estacionamento', 'Central multimídia', '4 X 4', 'Sensor de chuva', 'Ar condicionado', 'Rodas de liga'];83431.66
Dodge Charger;Motor 2.4 Turbo;2010;92001;False;['Vidros elétricos', 'Sensor crepuscular', 'Controle de estabilidade', 'Teto panorâmico', 'Câmera de estacionamento', 'Piloto automático', 'Sensor de estacionamento', '4 X 4'];122975.63
Face;Motor V8;2019;;True;['Controle de estabilidade', 'Vidros elétricos', 'Freios ABS', 'Sensor de chuva', 'Câmera de estacionamento', 'Painel digital', 'Ar condicionado', 'Teto panorâmico'];93227.73
Prius;Motor 3.0 32v;2006;81708;False;['Rodas de liga', 'Bancos de couro', 'Painel digital', 'Câmera de estacionamento', 'Teto panorâmico', 'Vidros elétricos', 'Controle de tração', 'Ar condicionado'];58762.65
Idea;Motor V6;2001;70641;False;['Central multimídia', 'Piloto automático', 'Travas elétricas', 'Bancos de couro', '4 X 4', 'Controle de tração', 'Câmbio automático', 'Sensor de chuva'];139549.67
A8;Motor 2.0 16v;2019;;True;['Painel digital', 'Teto panorâmico', 'Piloto automático', 'Sensor de chuva', 'Câmbio automático', 'Freios ABS', 'Câmera de estacionamento', 'Sensor crepuscular'];122016.42
Série 1 Cabrio;Motor 3.0 32v;2015;91277;False;['Vidros elétricos', 'Travas elétricas', 'Controle de tração', 'Câmbio automático', 'Sensor crepuscular', 'Painel digital', 'Bancos de couro', 'Sensor de chuva'];72731.98
Edge;Motor V6;2018;26544;False;['Freios ABS', 'Controle de tração', 'Sensor crepuscular', 'Travas elétricas', 'Câmbio automático', 'Câmera de estacionamento', 'Sensor de chuva', 'Teto panorâmico'];88416.54
Cadillac ATS sedan;Motor 1.8 16v;2017;52596;False;['Painel digital', 'Vidros elétricos', 'Teto panorâmico', 'Central multimídia', 'Câmera de estacionamento', 'Rodas de liga', 'Sensor de chuva', 'Piloto automático'];73873.42
Lamborghini Asterion LPI 910-4;Motor 5.0 V8 Bi-Turbo;1992;47503;False;['Ar condicionado', 'Painel digital', 'Controle de estabilidade', 'Sensor de chuva', 'Vidros elétricos', 'Teto panorâmico', 'Câmbio automático', '4 X 4'];70709.34
Frontier;Motor V8;2001;89056;False;['Câmbio automático', 'Rodas de liga', 'Sensor de estacionamento', 'Bancos de couro', 'Vidros elétricos', 'Travas elétricas', 'Ar condicionado', 'Teto panorâmico'];115306.5
Série 3 Sedã;Motor 3.0 32v;1993;28834;False;['Controle de tração', 'Controle de estabilidade', '4 X 4', 'Rodas de liga', 'Travas elétricas', 'Teto panorâmico', 'Sensor de chuva', 'Sensor de estacionamento'];55924.63
Lamborghini LM002;Motor 1.8 16v;1995;110564;False;['Bancos de couro', 'Freios ABS', 'Central multimídia', 'Controle de estabilidade', 'Controle de tração', 'Rodas de liga', 'Travas elétricas', 'Sensor crepuscular'];85052.26
Cadillac XLR;Motor Diesel V8;2003;56638;False;['Sensor crepuscular', 'Teto panorâmico', 'Sensor de estacionamento', 'Bancos de couro', 'Câmbio automático', 'Câmera de estacionamento', 'Freios ABS', 'Rodas de liga'];56646.34
A4 Avant;Motor Diesel;2014;17357;False;['Teto panorâmico', '4 X 4', 'Bancos de couro', 'Ar condicionado', 'Rodas de liga', 'Freios ABS', 'Controle de estabilidade', 'Controle de tração'];138946.88
EcoSport;Motor 4.0 Turbo;2008;74015;False;['Piloto automático', 'Sensor de estacionamento', 'Travas elétricas', 'Controle de estabilidade', 'Sensor crepuscular', 'Teto panorâmico', 'Rodas de liga', 'Ar condicionado'];108256.72
J3;Motor 1.8 16v;2013;15196;False;['Controle de estabilidade', '4 X 4', 'Câmera de estacionamento', 'Teto panorâmico', 'Painel digital', 'Bancos de couro', 'Sensor de estacionamento', 'Piloto automático'];58979.3
Q3;Motor 3.0 32v;2019;;True;['Controle de estabilidade', 'Bancos de couro', 'Painel digital', 'Sensor crepuscular', 'Freios ABS', '4 X 4', 'Controle de tração', 'Sensor de chuva'];114727.68
Aston Martin V8 Vantage;Motor V8;2017;10821;False;['Teto panorâmico', 'Controle de tração', 'Painel digital', '4 X 4', 'Câmera de estacionamento', 'Piloto automático', 'Controle de estabilidade', 'Sensor de chuva'];139661.48
Z4 Roadster;Motor 3.0 32v;2019;;True;['Central multimídia', 'Câmbio automático', 'Travas elétricas', '4 X 4', 'Bancos de couro', 'Teto panorâmico', 'Freios ABS', 'Sensor crepuscular'];80382.24
Lamborghini Ferruccio;Motor 3.0 32v;2019;;True;['Vidros elétricos', 'Piloto automático', 'Teto panorâmico', 'Sensor crepuscular', 'Sensor de chuva', 'Ar condicionado', 'Freios ABS', 'Câmera de estacionamento'];149157.17
Ford Ka+;Motor 1.8 16v;2006;9595;False;['Sensor crepuscular', 'Piloto automático', 'Controle de tração', 'Controle de estabilidade', 'Ar condicionado', 'Central multimídia', 'Câmbio automático', 'Bancos de couro'];87830.41
Silver Shadow;Motor Diesel;2015;99052;False;['4 X 4', 'Central multimídia', 'Ar condicionado', 'Teto panorâmico', 'Travas elétricas', 'Controle de tração', 'Painel digital', 'Sensor de chuva'];143568.22
Classe C 63 AMG Touring;Motor Diesel V8;2007;52389;False;['Central multimídia', 'Piloto automático', 'Freios ABS', 'Sensor crepuscular', 'Câmbio automático', 'Bancos de couro', 'Sensor de chuva', 'Vidros elétricos'];138171.85
Discovery 4;Motor 4.0 Turbo;2005;119945;False;['Freios ABS', 'Rodas de liga', 'Sensor de chuva', 'Controle de estabilidade', 'Vidros elétricos', 'Teto panorâmico', 'Sensor crepuscular', 'Controle de tração'];115784.95
Veloster;Motor Diesel V8;2017;96005;False;['Ar condicionado', 'Central multimídia', 'Bancos de couro', 'Sensor crepuscular', 'Freios ABS', 'Vidros elétricos', 'Câmera de estacionamento', '4 X 4'];146508.99
Classe C;Motor Diesel V6;1998;31639;False;['Freios ABS', 'Sensor de chuva', 'Central multimídia', 'Câmbio automático', 'Painel digital', 'Controle de tração', 'Bancos de couro', 'Controle de estabilidade'];137670.23
Camry;Motor Diesel;2019;;True;['Travas elétricas', 'Rodas de liga', 'Sensor crepuscular', 'Bancos de couro', 'Painel digital', 'Freios ABS', 'Ar condicionado', 'Câmera de estacionamento'];138597.27
C5 Tourer;Motor Diesel V6;1999;80187;False;['Rodas de liga', 'Sensor de chuva', 'Painel digital', 'Câmera de estacionamento', 'Controle de tração', 'Vidros elétricos', 'Central multimídia', '4 X 4'];147627.81
R8 GT;Motor 4.0 Turbo;2019;;True;['Rodas de liga', 'Câmbio automático', 'Sensor crepuscular', 'Sensor de estacionamento', 'Bancos de couro', 'Teto panorâmico', 'Freios ABS', 'Câmera de estacionamento'];62999.02
Bongo;Motor Diesel V8;2009;58212;False;['Vidros elétricos', 'Teto panorâmico', 'Painel digital', 'Piloto automático', 'Sensor crepuscular', 'Central multimídia', 'Câmbio automático', 'Rodas de liga'];91242.44
ASX;Motor Diesel V8;2003;61672;False;['Ar condicionado', 'Sensor crepuscular', 'Rodas de liga', 'Controle de estabilidade', 'Piloto automático', 'Câmbio automático', 'Sensor de estacionamento', 'Teto panorâmico'];149489.92
Cadillac SRX;Motor 5.0 V8 Bi-Turbo;1994;32017;False;['Painel digital', 'Piloto automático', 'Controle de estabilidade', 'Teto panorâmico', 'Travas elétricas', 'Rodas de liga', 'Central multimídia', '4 X 4'];63529.95
Classe CL;Motor V8;2019;;True;['Central multimídia', 'Câmbio automático', '4 X 4', 'Controle de estabilidade', 'Bancos de couro', 'Ar condicionado', 'Freios ABS', 'Câmera de estacionamento'];58525.41
500 Abarth;Motor V6;1994;56944;False;['4 X 4', 'Teto panorâmico', 'Controle de tração', 'Controle de estabilidade', 'Sensor de chuva', 'Travas elétricas', 'Painel digital', 'Sensor crepuscular'];90345.05
Aston Martin Cygnet;Motor 5.0 V8 Bi-Turbo;2019;;True;['Painel digital', 'Ar condicionado', 'Sensor crepuscular', 'Freios ABS', 'Sensor de chuva', 'Câmera de estacionamento', 'Controle de tração', 'Vidros elétricos'];147770.87
Cadillac STS;Motor 4.0 Turbo;2015;86519;False;['Painel digital', 'Bancos de couro', 'Sensor de estacionamento', '4 X 4', 'Piloto automático', 'Câmbio automático', 'Controle de tração', 'Travas elétricas'];106617.71
Aston Martin DB9;Motor 1.8 16v;1996;4821;False;['Ar condicionado', 'Vidros elétricos', '4 X 4', 'Câmera de estacionamento', 'Câmbio automático', 'Rodas de liga', 'Bancos de couro', 'Painel digital'];104929.88
NX 200t;Motor 2.4 Turbo;1997;101025;False;['Controle de estabilidade', 'Painel digital', 'Bancos de couro', 'Rodas de liga', 'Piloto automático', 'Vidros elétricos', '4 X 4', 'Controle de tração'];100712.45
Aston Martin One-77;Motor V6;1993;30705;False;['Sensor de estacionamento', 'Rodas de liga', 'Controle de estabilidade', 'Bancos de couro', 'Controle de tração', 'Piloto automático', 'Central multimídia', 'Vidros elétricos'];141982.93
Lamborghini Veneno;Motor 3.0 32v;2019;;True;['4 X 4', 'Sensor de estacionamento', 'Câmbio automático', 'Rodas de liga', 'Teto panorâmico', 'Central multimídia', 'Travas elétricas', 'Piloto automático'];104038.79
Sentra;Motor 2.0 16v;1992;32555;False;['Piloto automático', 'Sensor crepuscular', 'Travas elétricas', 'Ar condicionado', 'Câmbio automático', 'Painel digital', 'Vidros elétricos', 'Controle de tração'];88501.54
Jumper;Motor 2.4 Turbo;1995;103389;False;['Ar condicionado', 'Rodas de liga', 'Câmbio automático', 'Bancos de couro', 'Piloto automático', 'Freios ABS', 'Painel digital', 'Vidros elétricos'];79782.02
i30;Motor 1.8 16v;2019;;True;['Câmbio automático', 'Controle de estabilidade', 'Sensor crepuscular', 'Controle de tração', 'Vidros elétricos', 'Freios ABS', 'Central multimídia', 'Bancos de couro'];86224.1
X6;Motor Diesel V6;1990;55289;False;['Câmera de estacionamento', 'Travas elétricas', 'Central multimídia', 'Piloto automático', 'Controle de tração', 'Bancos de couro', 'Sensor crepuscular', 'Sensor de estacionamento'];103596.18
Voyage;Motor 5.0 V8 Bi-Turbo;2019;;True;['Ar condicionado', 'Sensor de estacionamento', 'Bancos de couro', 'Controle de estabilidade', 'Sensor crepuscular', '4 X 4', 'Vidros elétricos', 'Travas elétricas'];148996.47
Phantom I Phantom II;Motor 1.8 16v;2019;;True;['Piloto automático', 'Freios ABS', 'Painel digital', 'Ar condicionado', 'Bancos de couro', 'Rodas de liga', 'Câmbio automático', 'Sensor crepuscular'];60948.01
Passat Variant;Motor 1.0 8v;1991;115930;False;['Freios ABS', 'Rodas de liga', 'Piloto automático', 'Controle de tração', 'Bancos de couro', 'Vidros elétricos', 'Teto panorâmico', 'Painel digital'];69535.44
Clio;Motor Diesel;1990;66437;False;['4 X 4', 'Câmbio automático', 'Freios ABS', 'Bancos de couro', 'Piloto automático', 'Controle de estabilidade', 'Sensor de estacionamento', 'Sensor crepuscular'];111130.33
Classe G;Motor Diesel V6;2012;96800;False;['Controle de estabilidade', 'Central multimídia', 'Sensor crepuscular', 'Freios ABS', 'Rodas de liga', '4 X 4', 'Vidros elétricos', 'Teto panorâmico'];65847.69
Silver Ghost;Motor 1.8 16v;2007;14237;False;['Travas elétricas', 'Painel digital', 'Câmera de estacionamento', 'Central multimídia', 'Controle de estabilidade', 'Piloto automático', 'Sensor de estacionamento', '4 X 4'];78096.06
Série 3 M3 Coupé;Motor Diesel;2013;19896;False;['Bancos de couro', 'Sensor de chuva', 'Ar condicionado', 'Central multimídia', 'Sensor de estacionamento', 'Rodas de liga', 'Painel digital', 'Sensor crepuscular'];69219.89
Gallardo LP 560 – 4;Motor Diesel;2000;113045;False;['Freios ABS', 'Teto panorâmico', 'Central multimídia', 'Bancos de couro', 'Rodas de liga', 'Sensor de estacionamento', 'Travas elétricas', '4 X 4'];144118.91
Freelander 2;Motor Diesel V6;2002;114942;False;['4 X 4', 'Câmera de estacionamento', 'Sensor crepuscular', 'Câmbio automático', 'Painel digital', 'Sensor de chuva', 'Sensor de estacionamento', 'Teto panorâmico'];77397.05
Grand Cherokee;Motor 5.0 V8 Bi-Turbo;1996;3173;False;['Câmbio automático', 'Travas elétricas', 'Sensor de estacionamento', 'Teto panorâmico', 'Bancos de couro', '4 X 4', 'Painel digital', 'Câmera de estacionamento'];68974.25
Aston Martin DBR9;Motor 4.0 Turbo;1996;83611;False;['Controle de estabilidade', 'Sensor de estacionamento', 'Piloto automático', 'Teto panorâmico', 'Câmera de estacionamento', 'Câmbio automático', 'Bancos de couro', 'Freios ABS'];125231.3
Soul;Motor 5.0 V8 Bi-Turbo;2015;25356;False;['Sensor crepuscular', 'Piloto automático', 'Sensor de estacionamento', 'Sensor de chuva', 'Controle de estabilidade', 'Travas elétricas', 'Controle de tração', 'Bancos de couro'];85501.12
Cadillac BLS;Motor V8;1993;88634;False;['Teto panorâmico', 'Controle de estabilidade', 'Câmbio automático', 'Controle de tração', 'Ar condicionado', 'Sensor de chuva', 'Painel digital', 'Sensor crepuscular'];137116.21
RX 350;Motor V6;2013;2314;False;['Piloto automático', 'Sensor crepuscular', 'Ar condicionado', 'Controle de estabilidade', 'Bancos de couro', 'Controle de tração', 'Rodas de liga', 'Sensor de estacionamento'];138823.81
Cayman;Motor 3.0 32v;2013;2627;False;['Central multimídia', 'Painel digital', 'Sensor crepuscular', 'Freios ABS', '4 X 4', 'Teto panorâmico', 'Bancos de couro', 'Câmera de estacionamento'];117961.95
Chana Utility;Motor Diesel;2009;52034;False;['Ar condicionado', 'Sensor de estacionamento', 'Piloto automático', 'Vidros elétricos', 'Controle de tração', '4 X 4', 'Teto panorâmico', 'Rodas de liga'];132662.32
308 CC;Motor 4.0 Turbo;2019;;True;['Câmera de estacionamento', 'Bancos de couro', 'Central multimídia', 'Rodas de liga', 'Vidros elétricos', 'Painel digital', 'Controle de estabilidade', 'Câmbio automático'];146405.79
L200 Triton;Motor Diesel V8;2019;;True;['Vidros elétricos', 'Ar condicionado', 'Painel digital', 'Controle de tração', 'Câmera de estacionamento', 'Travas elétricas', '4 X 4', 'Câmbio automático'];81999.21
Jetta;Motor 5.0 V8 Bi-Turbo;2002;79577;False;['Central multimídia', 'Vidros elétricos', 'Câmera de estacionamento', 'Piloto automático', 'Freios ABS', 'Bancos de couro', 'Ar condicionado', 'Sensor de estacionamento'];140934.6
C4 Lounge;Motor V8;1997;108201;False;['Central multimídia', 'Controle de tração', 'Teto panorâmico', 'Sensor de chuva', 'Travas elétricas', 'Sensor de estacionamento', 'Câmbio automático', 'Vidros elétricos'];82366.81
C4 Pallas;Motor 1.0 8v;1998;76453;False;['4 X 4', 'Freios ABS', 'Sensor de chuva', 'Rodas de liga', 'Câmbio automático', 'Travas elétricas', 'Controle de estabilidade', 'Sensor crepuscular'];70424.11
Equus;Motor 3.0 32v;2004;57683;False;['Travas elétricas', 'Rodas de liga', '4 X 4', 'Câmbio automático', 'Freios ABS', 'Central multimídia', 'Vidros elétricos', 'Sensor de estacionamento'];53620.31
Classe GL;Motor 3.0 32v;1996;96610;False;['Freios ABS', 'Câmera de estacionamento', 'Travas elétricas', 'Câmbio automático', 'Painel digital', 'Sensor de chuva', '4 X 4', 'Bancos de couro'];73389.18
Range Rover Evoque;Motor 2.0 16v;2015;109001;False;['Rodas de liga', 'Teto panorâmico', 'Sensor de chuva', 'Travas elétricas', 'Piloto automático', 'Painel digital', 'Sensor crepuscular', 'Controle de estabilidade'];111618.12
Cherokee;Motor 4.0 Turbo;2016;26212;False;['Painel digital', 'Travas elétricas', 'Rodas de liga', 'Câmera de estacionamento', 'Sensor de estacionamento', 'Teto panorâmico', 'Ar condicionado', 'Piloto automático'];112187.37
Punto;Motor 4.0 Turbo;2005;45971;False;['Central multimídia', 'Câmbio automático', 'Piloto automático', '4 X 4', 'Sensor de chuva', 'Painel digital', 'Controle de estabilidade', 'Teto panorâmico'];120812.57
Grand Tour;Motor 3.0 32v;1999;49182;False;['Rodas de liga', 'Travas elétricas', 'Bancos de couro', '4 X 4', 'Central multimídia', 'Vidros elétricos', 'Controle de estabilidade', 'Teto panorâmico'];116031.04
Fluence;Motor Diesel V6;1995;49907;False;['Sensor crepuscular', 'Teto panorâmico', 'Câmbio automático', 'Câmera de estacionamento', 'Bancos de couro', 'Freios ABS', 'Ar condicionado', 'Central multimídia'];125398.11
Effa Hafei Picape Cabine Simples;Motor 1.0 8v;1993;38620;False;['Piloto automático', 'Ar condicionado', 'Central multimídia', 'Painel digital', '4 X 4', 'Sensor de estacionamento', 'Controle de estabilidade', 'Sensor crepuscular'];76101.47
Durango;Motor 2.0 16v;2004;60996;False;['Bancos de couro', 'Painel digital', 'Câmbio automático', 'Câmera de estacionamento', '4 X 4', 'Controle de estabilidade', 'Rodas de liga', 'Teto panorâmico'];75263.24
Boxster;Motor Diesel V8;2013;73914;False;['Teto panorâmico', 'Sensor crepuscular', 'Bancos de couro', 'Sensor de estacionamento', 'Travas elétricas', 'Central multimídia', 'Controle de estabilidade', 'Rodas de liga'];147387.76
TT Roadster;Motor Diesel;1998;107392;False;['Ar condicionado', 'Sensor de estacionamento', 'Controle de tração', 'Freios ABS', 'Painel digital', 'Vidros elétricos', 'Piloto automático', 'Travas elétricas'];85311.4
Lamborghini Jalpa;Motor 1.8 16v;2018;9146;False;['Piloto automático', 'Freios ABS', 'Sensor de estacionamento', 'Vidros elétricos', 'Travas elétricas', 'Controle de tração', 'Sensor crepuscular', 'Câmbio automático'];54388.11
Classe SLK;Motor 4.0 Turbo;2019;;True;['4 X 4', 'Sensor de estacionamento', 'Controle de tração', 'Rodas de liga', 'Sensor de chuva', 'Ar condicionado', 'Freios ABS', 'Bancos de couro'];124156.65
Golf;Motor 1.0 8v;2018;17924;False;['Rodas de liga', 'Controle de tração', 'Sensor de chuva', 'Bancos de couro', 'Freios ABS', 'Painel digital', 'Câmbio automático', 'Sensor de estacionamento'];146203.34
C3 Picasso;Motor 3.0 32v;2019;;True;['Teto panorâmico', 'Sensor crepuscular', 'Sensor de chuva', 'Vidros elétricos', 'Ar condicionado', 'Controle de estabilidade', 'Câmera de estacionamento', 'Central multimídia'];56453.94
V50;Motor 2.0 16v;1990;116949;False;['Teto panorâmico', 'Câmera de estacionamento', 'Controle de estabilidade', 'Painel digital', 'Câmbio automático', 'Bancos de couro', 'Rodas de liga', 'Freios ABS'];68873.79
Picanto;Motor 4.0 Turbo;2009;20476;False;['Painel digital', 'Controle de estabilidade', 'Freios ABS', 'Travas elétricas', 'Piloto automático', 'Sensor de estacionamento', 'Vidros elétricos', 'Câmera de estacionamento'];91667.61
Cadenza;Motor Diesel V6;1990;52804;False;['Sensor crepuscular', 'Controle de estabilidade', 'Câmera de estacionamento', 'Rodas de liga', 'Vidros elétricos', 'Câmbio automático', 'Travas elétricas', 'Ar condicionado'];93776.52
Etios Sedã;Motor 5.0 V8 Bi-Turbo;2006;8849;False;['Ar condicionado', 'Vidros elétricos', 'Sensor de chuva', 'Freios ABS', 'Controle de tração', 'Sensor crepuscular', 'Câmbio automático', 'Teto panorâmico'];66433.82
Alsvin;Motor Diesel V8;2002;91724;False;['Central multimídia', 'Controle de estabilidade', 'Ar condicionado', 'Vidros elétricos', 'Controle de tração', 'Freios ABS', 'Sensor de estacionamento', 'Câmbio automático'];109059.27
Cadillac ATS;Motor Diesel V6;1991;32056;False;['Piloto automático', 'Rodas de liga', '4 X 4', 'Bancos de couro', 'Sensor de estacionamento', 'Vidros elétricos', 'Travas elétricas', 'Sensor crepuscular'];122069.97
Série 3 M3 Sedã;Motor Diesel V6;1992;74886;False;['Painel digital', 'Freios ABS', 'Ar condicionado', 'Bancos de couro', 'Controle de tração', 'Piloto automático', 'Câmera de estacionamento', '4 X 4'];113090.32
Classe S;Motor 3.0 32v;2019;;True;['Controle de tração', 'Teto panorâmico', 'Câmbio automático', 'Central multimídia', 'Bancos de couro', 'Vidros elétricos', 'Travas elétricas', 'Sensor de chuva'];89401.1
T6;Motor 3.0 32v;2019;;True;['Sensor de chuva', 'Câmera de estacionamento', '4 X 4', 'Câmbio automático', 'Travas elétricas', 'Painel digital', 'Piloto automático', 'Sensor crepuscular'];56842.79
Aston Martin DB7;Motor Diesel V8;2005;52189;False;['Travas elétricas', 'Painel digital', 'Sensor crepuscular', 'Controle de tração', 'Câmera de estacionamento', 'Teto panorâmico', 'Sensor de estacionamento', 'Ar condicionado'];146676.71
207 Sedan;Motor 4.0 Turbo;2010;83559;False;['Controle de tração', 'Central multimídia', 'Sensor de chuva', 'Câmera de estacionamento', 'Sensor de estacionamento', 'Bancos de couro', 'Painel digital', 'Piloto automático'];89511.96
Aston Martin Virage;Motor Diesel;2019;;True;['Travas elétricas', 'Controle de tração', 'Câmera de estacionamento', 'Bancos de couro', 'Rodas de liga', '4 X 4', 'Sensor de chuva', 'Painel digital'];97290.18
Azera;Motor 1.8 16v;2016;20328;False;['Bancos de couro', 'Controle de tração', 'Ar condicionado', 'Câmera de estacionamento', 'Câmbio automático', 'Vidros elétricos', 'Teto panorâmico', 'Freios ABS'];120673.56
Vantage Volante;Motor Diesel V8;2019;;True;['Freios ABS', 'Controle de tração', 'Central multimídia', 'Sensor crepuscular', 'Sensor de chuva', 'Piloto automático', 'Ar condicionado', 'Câmbio automático'];114434.94
Siena EL;Motor V8;2010;75577;False;['Freios ABS', 'Sensor crepuscular', 'Controle de tração', 'Rodas de liga', 'Ar condicionado', 'Travas elétricas', 'Sensor de estacionamento', 'Central multimídia'];139546.69
Palio Adventure;Motor Diesel V8;1994;33659;False;['Teto panorâmico', 'Central multimídia', 'Piloto automático', 'Rodas de liga', 'Vidros elétricos', 'Sensor de chuva', 'Controle de tração', 'Painel digital'];95078.16
HB20X;Motor V8;2001;104341;False;['Sensor crepuscular', 'Teto panorâmico', 'Painel digital', 'Câmbio automático', 'Central multimídia', 'Sensor de estacionamento', 'Travas elétricas', 'Bancos de couro'];68091.77
HR;Motor 5.0 V8 Bi-Turbo;2014;25510;False;['Controle de tração', 'Câmbio automático', '4 X 4', 'Controle de estabilidade', 'Rodas de liga', 'Freios ABS', 'Sensor crepuscular', 'Ar condicionado'];61496.97
Cadillac STS V-Series;Motor 2.0 16v;1996;18965;False;['Vidros elétricos', 'Piloto automático', 'Câmbio automático', 'Sensor crepuscular', 'Sensor de chuva', 'Controle de estabilidade', 'Rodas de liga', 'Ar condicionado'];139669.3
Série 1 Coupé;Motor 1.0 8v;1993;87161;False;['Controle de estabilidade', 'Teto panorâmico', 'Bancos de couro', 'Controle de tração', 'Câmera de estacionamento', 'Freios ABS', 'Piloto automático', 'Vidros elétricos'];80661.39
SpaceFox;Motor V8;1993;6652;False;['Sensor crepuscular', '4 X 4', 'Painel digital', 'Câmbio automático', 'Controle de tração', 'Central multimídia', 'Vidros elétricos', 'Travas elétricas'];61783.65
C30;Motor 1.0 8v;2001;55738;False;['Teto panorâmico', 'Freios ABS', 'Sensor crepuscular', 'Ar condicionado', 'Painel digital', 'Central multimídia', 'Controle de estabilidade', '4 X 4'];52805.91
J3 Turin;Motor V6;2019;;True;['Sensor crepuscular', 'Câmera de estacionamento', 'Sensor de estacionamento', 'Rodas de liga', 'Freios ABS', 'Vidros elétricos', 'Câmbio automático', '4 X 4'];127024.75
Classe B;Motor Diesel V8;2019;;True;['4 X 4', 'Bancos de couro', 'Sensor crepuscular', 'Rodas de liga', 'Central multimídia', 'Painel digital', 'Travas elétricas', 'Freios ABS'];135543
Parati;Motor Diesel V8;2019;;True;['Sensor de estacionamento', 'Piloto automático', 'Controle de tração', 'Travas elétricas', 'Painel digital', 'Bancos de couro', 'Rodas de liga', 'Controle de estabilidade'];121708.73
Cadillac CTS V-Series;Motor 4.0 Turbo;2007;64320;False;['Piloto automático', 'Ar condicionado', 'Central multimídia', 'Bancos de couro', 'Vidros elétricos', 'Câmbio automático', 'Controle de tração', 'Controle de estabilidade'];107342.68
Sedan;Motor V8;2019;;True;['Bancos de couro', 'Central multimídia', 'Freios ABS', 'Ar condicionado', 'Travas elétricas', 'Painel digital', '4 X 4', 'Rodas de liga'];57888.1
Classe CLS 63 AMG;Motor Diesel V6;2016;68678;False;['Freios ABS', 'Vidros elétricos', 'Câmbio automático', 'Teto panorâmico', 'Painel digital', 'Ar condicionado', 'Sensor crepuscular', 'Travas elétricas'];118161.48
Aircross;Motor 1.0 8v;2014;71697;False;['Controle de tração', 'Piloto automático', 'Câmera de estacionamento', 'Sensor de chuva', 'Travas elétricas', 'Vidros elétricos', 'Sensor de estacionamento', 'Câmbio automático'];142499.06
Aston Martin V12 Vantage;Motor V8;2019;;True;['Bancos de couro', 'Central multimídia', 'Controle de estabilidade', 'Sensor crepuscular', 'Sensor de chuva', 'Sensor de estacionamento', 'Piloto automático', 'Vidros elétricos'];128396.11
Sandero;Motor Diesel;2015;34783;False;['Piloto automático', 'Teto panorâmico', 'Câmbio automático', 'Sensor de estacionamento', 'Vidros elétricos', 'Travas elétricas', 'Bancos de couro', 'Câmera de estacionamento'];112350.61
New Fiesta;Motor 5.0 V8 Bi-Turbo;2015;33772;False;['Controle de tração', 'Travas elétricas', '4 X 4', 'Ar condicionado', 'Painel digital', 'Rodas de liga', 'Controle de estabilidade', 'Central multimídia'];124661.38
XKR;Motor Diesel;1996;85127;False;['Controle de tração', 'Ar condicionado', 'Travas elétricas', 'Bancos de couro', 'Rodas de liga', 'Sensor crepuscular', 'Câmera de estacionamento', 'Sensor de estacionamento'];54263.16
X5;Motor Diesel;2002;13606;False;['Controle de tração', 'Piloto automático', 'Travas elétricas', 'Rodas de liga', 'Vidros elétricos', 'Câmera de estacionamento', 'Câmbio automático', 'Painel digital'];62041.32
Cadillac DTS;Motor 1.8 16v;2005;35647;False;['Central multimídia', 'Rodas de liga', 'Câmbio automático', 'Freios ABS', 'Piloto automático', 'Travas elétricas', 'Câmera de estacionamento', 'Controle de estabilidade'];129296.11
Pajero Dakar;Motor 4.0 Turbo;1995;95128;False;['Piloto automático', 'Sensor de chuva', 'Controle de estabilidade', 'Teto panorâmico', 'Vidros elétricos', 'Central multimídia', 'Câmbio automático', 'Controle de tração'];60998.33
Classe A;Motor 1.0 8v;1999;14046;False;['Controle de tração', 'Central multimídia', 'Sensor de estacionamento', 'Piloto automático', 'Bancos de couro', 'Travas elétricas', 'Sensor crepuscular', 'Câmera de estacionamento'];58008.5
Ford Focus Fastback;Motor 4.0 Turbo;2005;41194;False;['Bancos de couro', 'Câmera de estacionamento', 'Sensor crepuscular', 'Sensor de estacionamento', 'Painel digital', 'Piloto automático', 'Travas elétricas', 'Vidros elétricos'];82304.19
Partner;Motor 2.4 Turbo;2019;;True;['Central multimídia', 'Controle de tração', 'Travas elétricas', 'Freios ABS', 'Sensor de chuva', 'Rodas de liga', 'Painel digital', 'Sensor de estacionamento'];114531.74
R8;Motor V6;1997;96100;False;['4 X 4', 'Controle de estabilidade', 'Câmera de estacionamento', 'Piloto automático', 'Travas elétricas', 'Central multimídia', 'Bancos de couro', 'Vidros elétricos'];128565.61
Aston Martin DBS Volante;Motor 4.0 Turbo;1990;103900;False;['Central multimídia', 'Controle de estabilidade', 'Sensor crepuscular', 'Teto panorâmico', 'Câmbio automático', 'Sensor de estacionamento', 'Sensor de chuva', 'Travas elétricas'];126488.26
Mohave;Motor Diesel V6;2001;43814;False;['Travas elétricas', 'Central multimídia', 'Painel digital', 'Câmbio automático', 'Controle de tração', 'Ar condicionado', 'Rodas de liga', 'Sensor crepuscular'];119074.55
Fusca;Motor 3.0 32v;2013;24638;False;['Câmbio automático', 'Teto panorâmico', 'Sensor de chuva', 'Freios ABS', '4 X 4', 'Rodas de liga', 'Travas elétricas', 'Piloto automático'];130238.04
Chana Family;Motor V8;2019;;True;['Piloto automático', 'Teto panorâmico', 'Sensor de estacionamento', 'Câmera de estacionamento', '4 X 4', 'Central multimídia', 'Rodas de liga', 'Travas elétricas'];115760.17
XC40;Motor 2.4 Turbo;2017;110966;False;['Sensor de chuva', 'Central multimídia', 'Vidros elétricos', 'Câmera de estacionamento', 'Sensor de estacionamento', 'Travas elétricas', 'Teto panorâmico', 'Painel digital'];121248
Phantom I Jonckheere Aerodynamic Coupe;Motor 1.8 16v;2011;15987;False;['Sensor crepuscular', 'Travas elétricas', 'Piloto automático', 'Câmera de estacionamento', 'Central multimídia', 'Vidros elétricos', 'Freios ABS', 'Sensor de chuva'];98156.35
Boxer;Motor V6;2005;53369;False;['Travas elétricas', 'Piloto automático', 'Vidros elétricos', 'Câmera de estacionamento', 'Sensor crepuscular', 'Sensor de chuva', 'Central multimídia', '4 X 4'];112146.8
Chana Cargo;Motor 2.0 16v;2007;10077;False;['Teto panorâmico', '4 X 4', 'Central multimídia', 'Sensor de chuva', 'Sensor de estacionamento', 'Ar condicionado', 'Câmera de estacionamento', 'Piloto automático'];102729.63
Dodge Dakota;Motor Diesel;1993;71544;False;['Controle de tração', 'Sensor de estacionamento', 'Piloto automático', 'Central multimídia', '4 X 4', 'Painel digital', 'Câmera de estacionamento', 'Vidros elétricos'];141083.35
X1;Motor Diesel V8;1991;107;False;['4 X 4', 'Teto panorâmico', 'Ar condicionado', 'Rodas de liga', 'Painel digital', 'Câmera de estacionamento', 'Controle de tração', 'Piloto automático'];102968.76
GLA;Motor 1.0 8v;1991;8394;False;['Sensor de chuva', 'Câmera de estacionamento', 'Freios ABS', 'Controle de estabilidade', 'Central multimídia', 'Controle de tração', 'Teto panorâmico', 'Sensor crepuscular'];76310.01
Range Rover Sport;Motor 1.0 8v;1997;41498;False;['Sensor de estacionamento', 'Câmera de estacionamento', 'Freios ABS', 'Bancos de couro', 'Ar condicionado', '4 X 4', 'Painel digital', 'Piloto automático'];120481.74
DS3;Motor 1.8 16v;2000;116002;False;['Controle de estabilidade', 'Ar condicionado', 'Câmbio automático', 'Freios ABS', 'Sensor de chuva', '4 X 4', 'Sensor de estacionamento', 'Travas elétricas'];54559.18
Veracruz;Motor Diesel V8;2007;100858;False;['Controle de estabilidade', 'Câmera de estacionamento', 'Travas elétricas', 'Central multimídia', '4 X 4', 'Teto panorâmico', 'Sensor de estacionamento', 'Piloto automático'];92957.64
Cadillac CTS coupe, sedan, and wagon;Motor V8;2006;67475;False;['Sensor de chuva', 'Sensor de estacionamento', 'Controle de estabilidade', 'Teto panorâmico', 'Sensor crepuscular', 'Bancos de couro', 'Travas elétricas', 'Painel digital'];127810.06
i30 CW;Motor Diesel;2015;8497;False;['Sensor de chuva', 'Vidros elétricos', 'Controle de estabilidade', 'Sensor crepuscular', 'Teto panorâmico', 'Painel digital', 'Travas elétricas', 'Freios ABS'];73311.75
Phantom III;Motor Diesel V6;2008;4420;False;['Vidros elétricos', 'Bancos de couro', 'Piloto automático', 'Ar condicionado', 'Travas elétricas', 'Painel digital', 'Teto panorâmico', 'Controle de tração'];65138.03
A3 Sedan;Motor V6;2019;;True;['Ar condicionado', 'Sensor de chuva', 'Travas elétricas', 'Vidros elétricos', '4 X 4', 'Teto panorâmico', 'Câmera de estacionamento', 'Piloto automático'];90141.47
Aston Martin DB9 Volante;Motor 2.0 16v;1996;58537;False;['Central multimídia', 'Bancos de couro', 'Câmera de estacionamento', 'Travas elétricas', 'Rodas de liga', 'Painel digital', 'Teto panorâmico', 'Vidros elétricos'];71160.36
Série 7 Sedã;Motor Diesel;2019;;True;['Vidros elétricos', 'Travas elétricas', 'Rodas de liga', 'Controle de estabilidade', 'Sensor crepuscular', 'Câmbio automático', 'Freios ABS', 'Ar condicionado'];67539.79
Lamborghini Reventón;Motor 4.0 Turbo;2019;;True;['Controle de tração', 'Ar condicionado', 'Central multimídia', 'Bancos de couro', 'Câmera de estacionamento', 'Travas elétricas', 'Sensor de chuva', 'Vidros elétricos'];67664.86
Grand Livina;Motor 2.0 16v;2014;112016;False;['Controle de tração', 'Teto panorâmico', 'Vidros elétricos', '4 X 4', 'Câmbio automático', 'Bancos de couro', 'Painel digital', 'Sensor de chuva'];68652.16
V60;Motor Diesel;2004;91840;False;['Rodas de liga', 'Sensor crepuscular', 'Ar condicionado', 'Sensor de estacionamento', 'Bancos de couro', 'Câmbio automático', 'Central multimídia', 'Teto panorâmico'];114728.74
Effa Hafei Picape Cabine Dupla;Motor V6;2008;112787;False;['Sensor crepuscular', 'Controle de tração', 'Bancos de couro', 'Vidros elétricos', 'Painel digital', 'Piloto automático', 'Rodas de liga', 'Teto panorâmico'];141645.08
Benni Mini;Motor V8;2019;;True;['Sensor crepuscular', 'Câmbio automático', 'Câmera de estacionamento', 'Freios ABS', 'Sensor de chuva', 'Controle de estabilidade', 'Painel digital', 'Sensor de estacionamento'];126247.84
Uno;Motor Diesel V6;2019;;True;['Central multimídia', 'Sensor crepuscular', 'Controle de estabilidade', 'Ar condicionado', 'Freios ABS', 'Controle de tração', 'Teto panorâmico', 'Câmbio automático'];128852.21
L200 Savana;Motor 2.0 16v;2012;9293;False;['Sensor de chuva', 'Vidros elétricos', 'Painel digital', 'Teto panorâmico', 'Controle de tração', 'Câmbio automático', 'Central multimídia', 'Sensor de estacionamento'];132384.76
Santa Fe;Motor 3.0 32v;2019;;True;['Travas elétricas', 'Ar condicionado', '4 X 4', 'Rodas de liga', 'Câmbio automático', 'Sensor de estacionamento', 'Central multimídia', 'Freios ABS'];129415.33
RS5;Motor V6;1996;55083;False;['Painel digital', 'Câmbio automático', 'Vidros elétricos', 'Câmera de estacionamento', 'Bancos de couro', 'Controle de tração', 'Ar condicionado', 'Central multimídia'];89536.82
Cerato;Motor V6;2011;48796;False;['Sensor de estacionamento', 'Câmera de estacionamento', 'Freios ABS', 'Vidros elétricos', 'Controle de estabilidade', 'Câmbio automático', 'Controle de tração', 'Bancos de couro'];87975.3
XC60;Motor 4.0 Turbo;2019;;True;['Painel digital', 'Piloto automático', 'Central multimídia', 'Controle de tração', 'Travas elétricas', 'Rodas de liga', 'Controle de estabilidade', '4 X 4'];77675.79
LS 460L;Motor Diesel V8;2010;89685;False;['Rodas de liga', 'Freios ABS', 'Controle de tração', 'Câmbio automático', 'Câmera de estacionamento', '4 X 4', 'Painel digital', 'Travas elétricas'];58881.67
Lamborghini Sesto Elemento;Motor V8;2007;85384;False;['Sensor crepuscular', 'Freios ABS', 'Ar condicionado', 'Painel digital', 'Travas elétricas', 'Bancos de couro', 'Sensor de estacionamento', '4 X 4'];55081.99
Lamborghini Huracán;Motor V8;1994;98108;False;['Sensor de chuva', 'Sensor de estacionamento', 'Câmera de estacionamento', 'Bancos de couro', 'Rodas de liga', '4 X 4', 'Câmbio automático', 'Vidros elétricos'];118826.44
A7;Motor 1.0 8v;2007;71280;False;['Sensor de chuva', 'Vidros elétricos', 'Sensor crepuscular', '4 X 4', 'Câmbio automático', 'Controle de tração', 'Bancos de couro', 'Painel digital'];137627.62
Phantom 2013;Motor V8;2014;27505;False;['Controle de estabilidade', 'Piloto automático', 'Câmbio automático', 'Câmera de estacionamento', 'Controle de tração', 'Teto panorâmico', 'Painel digital', 'Ar condicionado'];51759.58
Cadillac Ciel concept;Motor V8;1991;29981;False;['Bancos de couro', 'Painel digital', 'Sensor de chuva', 'Travas elétricas', 'Sensor de estacionamento', 'Vidros elétricos', 'Rodas de liga', 'Piloto automático'];51667.06
Classe GLK;Motor 5.0 V8 Bi-Turbo;2002;52637;False;['Rodas de liga', 'Controle de tração', 'Câmbio automático', 'Teto panorâmico', 'Ar condicionado', '4 X 4', 'Central multimídia', 'Sensor crepuscular'];68934.03
Aston Martin DB5;Motor Diesel;1996;7685;False;['Ar condicionado', '4 X 4', 'Câmbio automático', 'Freios ABS', 'Controle de tração', 'Câmera de estacionamento', 'Painel digital', 'Central multimídia'];122110.9
Macan;Motor Diesel V6;1992;50188;False;['Central multimídia', 'Teto panorâmico', 'Vidros elétricos', 'Controle de tração', 'Rodas de liga', 'Freios ABS', 'Câmera de estacionamento', 'Travas elétricas'];90381.47
